{
  "timing": {
    "crs_generation": {
      "4": 0.01488728599724709,
      "8": 0.02733305699803168,
      "16": 0.05237575099818059,
      "32": 0.10212057800163166
    },
    "commitments": {
      "commit_G": {
        "4": 0.0017099659999075811,
        "8": 0.0029633560006914195,
        "16": 0.005926658999669598,
        "32": 0.011074205001932569
      },
      "commit_Ghat": {
        "4": 0.01282962700133794,
        "8": 0.021275813000102062,
        "16": 0.03999877599926549,
        "32": 0.07875105499988422
      },
      "commit_Cy": {
        "4": 0.0010472659996594302,
        "8": 0.0016861749973031692,
        "16": 0.0029706470013479702,
        "32": 0.005409747998783132
      },
      "commit_V": {
        "4": 0.002445539001200814,
        "8": 0.002381555001193192,
        "16": 0.0025309330012532882,
        "32": 0.002850356999260839
      }
    },
    "proofs": {
      "point_open": {
        "4": 0.0013507220028259326,
        "8": 0.002653068000654457,
        "16": 0.005401671001891373,
        "32": 0.010587455002678325
      },
      "agg_open": {
        "4": 0.006956132998311659,
        "8": 0.025110049999057082,
        "16": 0.08959779100041487,
        "32": 0.35129999600030715
      },
      "equality": {
        "4": 0.010736176998761948,
        "8": 0.03854216699983226,
        "16": 0.13774738899883232,
        "32": 0.5379743159974169
      },
      "orthogonality": {
        "4": 0.0055883729983179364,
        "8": 0.016074469000159297,
        "16": 0.055806157000915846,
        "32": 0.1942046179974568
      },
      "range": {
        "4": 0.0003647960002126638,
        "8": 0.0003937580004276242,
        "16": 0.00042598400250426494,
        "32": 0.00042099800339201465
      }
    },
    "verification": {
      "verify_1": {
        "4": 0.017059057001461042,
        "8": 0.027893043999938527,
        "16": 0.05121508999945945,
        "32": 0.09176511599798687
      },
      "verify_5": {
        "4": 0.015890825001406483,
        "8": 0.02659241799847223,
        "16": 0.04842211099821725,
        "32": 0.08861958299894468
      },
      "verify_7": {
        "4": 0.004773642998770811,
        "8": 0.005307021998305572,
        "16": 0.006910416002938291,
        "32": 0.009763973001099657
      },
      "verify_9": {
        "4": 0.0057326480018673465,
        "8": 0.006018118001520634,
        "16": 0.006131944002845557,
        "32": 0.005921456002397463
      },
      "verify_16": {
        "4": 0.01642173100117361,
        "8": 0.027078134000475984,
        "16": 0.052143419001367874,
        "32": 0.09150302999842097
      }
    }
  },
  "memory": {
    "crs": {
      "4": 0.002410888671875,
      "8": 0.0045623779296875,
      "16": 0.00847625732421875,
      "32": 0.016571044921875
    }
  }
}