{
  "timing": {
    "crs_generation": {
      "4": 0.02348842600003991,
      "8": 0.04011800790049165,
      "16": 0.0773866903002272,
      "32": 0.16211170820006374
    },
    "crs_generation_std": {
      "4": 0.0014625823511627417,
      "8": 0.0008726731043238596,
      "16": 0.0030275719630631706,
      "32": 0.008010582009835666
    },
    "commitments": {
      "commit_G": {
        "4": 0.0027940938000028835,
        "8": 0.004952407599375874,
        "16": 0.010700676700071198,
        "32": 0.020067570800165413
      },
      "commit_Ghat": {
        "4": 0.02115670310013229,
        "8": 0.039422467999975196,
        "16": 0.0797283662002883,
        "32": 0.14186700299960647
      },
      "commit_Cy": {
        "4": 0.0016057978997196186,
        "8": 0.0030077352999796857,
        "16": 0.005022562500380445,
        "32": 0.009251309799947195
      },
      "commit_V": {
        "4": 0.004888727499746892,
        "8": 0.004919593000158784,
        "16": 0.004535644499628688,
        "32": 0.0043122279003000585
      }
    },
    "commitments_std": {
      "commit_G": {
        "4": 0.0001291175056971221,
        "8": 0.00019418765186545359,
        "16": 0.0003673370533406819,
        "32": 0.0015574322582982067
      },
      "commit_Ghat": {
        "4": 0.0006479090358454677,
        "8": 0.0012280305387704995,
        "16": 0.004939327098487096,
        "32": 0.0030637470876540957
      },
      "commit_Cy": {
        "4": 4.960200183716948e-05,
        "8": 0.00031631500110506153,
        "16": 0.000314532161215402,
        "32": 0.0014464919400264218
      },
      "commit_V": {
        "4": 0.00021782431843199232,
        "8": 0.00027016216819630764,
        "16": 9.212377803782992e-05,
        "32": 9.832813271092326e-05
      }
    },
    "proofs": {
      "point_open": {
        "4": 0.0020809015000850194,
        "8": 0.004226097500213655,
        "16": 0.008259933200133674,
        "32": 0.014972355300051277
      },
      "agg_open": {
        "4": 0.0044893112000863765,
        "8": 0.008216130600339966,
        "16": 0.017240404800213584,
        "32": 0.03261532979977346
      },
      "equality": {
        "4": 0.0036208170999088908,
        "8": 0.007915239599969936,
        "16": 0.017050208300133818,
        "32": 0.03447462979984266
      },
      "orthogonality": {
        "4": 0.008692689199961023,
        "8": 0.025356114599708234,
        "16": 0.08104171230024804,
        "32": 0.28399999209941595
      },
      "range": {
        "4": 0.0005393227998865769,
        "8": 0.0006173982003019774,
        "16": 0.0005700767002053908,
        "32": 0.0006149573002403486
      }
    },
    "proofs_std": {
      "point_open": {
        "4": 0.00011796348048581563,
        "8": 0.00019379448363101892,
        "16": 0.0006959998561077838,
        "32": 0.00012343243397226067
      },
      "agg_open": {
        "4": 0.0015090320660090756,
        "8": 0.00017942392249947707,
        "16": 0.0006368933959975203,
        "32": 0.0011600899168734075
      },
      "equality": {
        "4": 9.164429939223228e-05,
        "8": 0.00011353712878224461,
        "16": 0.00020034941723898585,
        "32": 0.001314841933451716
      },
      "orthogonality": {
        "4": 0.00013660531125285916,
        "8": 0.0006033761600573953,
        "16": 0.001442141434631989,
        "32": 0.0238819125549121
      },
      "range": {
        "4": 1.365231021350111e-05,
        "8": 2.3244536707205523e-05,
        "16": 6.340110905808109e-05,
        "32": 1.818479123871174e-05
      }
    },
    "verification": {
      "verify_1_point_opening": {
        "4": 0.027346693399704237,
        "8": 0.05260064979956951,
        "16": 0.07768302930016943,
        "32": 0.13809614600031636
      },
      "verify_5_equality": {
        "4": 0.0253304959005618,
        "8": 0.04830275159984012,
        "16": 0.07057956279950303,
        "32": 0.12289997979969484
      },
      "verify_7_orthogonality": {
        "4": 0.008233291900251061,
        "8": 0.007715697599633131,
        "16": 0.008564964399738528,
        "32": 0.012193810700409813
      },
      "verify_9_range": {
        "4": 0.009407179299705604,
        "8": 0.00887604010040377,
        "16": 0.00742448319997493,
        "32": 0.007646560200009844
      },
      "verify_16_aggregated": {
        "4": 0.030984171999989485,
        "8": 0.041031507999832684,
        "16": 0.06800994580044062,
        "32": 0.12380111220008985
      }
    },
    "verification_std": {
      "verify_1_point_opening": {
        "4": 0.00030018833116612133,
        "8": 0.004445799667258716,
        "16": 0.0027406319195234087,
        "32": 0.0060559521618719645
      },
      "verify_5_equality": {
        "4": 0.0001668427809276957,
        "8": 0.003662824831328664,
        "16": 0.0019181278025108977,
        "32": 0.0025408641888741952
      },
      "verify_7_orthogonality": {
        "4": 0.0016820645476069832,
        "8": 5.267847054440795e-05,
        "16": 8.997230476178295e-05,
        "32": 0.00019886234310095025
      },
      "verify_9_range": {
        "4": 0.00023962712139250265,
        "8": 0.0011882213006440948,
        "16": 8.240159024733153e-05,
        "32": 5.513531526985487e-05
      },
      "verify_16_aggregated": {
        "4": 0.0009561738025224668,
        "8": 0.0011053250114571433,
        "16": 0.002386424591697129,
        "32": 0.0017174924296157763
      }
    },
    "bandwidth": {
      "header_size": {
        "4": 184,
        "8": 184,
        "16": 188,
        "32": 180
      },
      "proof_size": {
        "4": 184,
        "8": 184,
        "16": 180,
        "32": 180
      },
      "raw_data_size": {
        "4": 128,
        "8": 256,
        "16": 512,
        "32": 1024
      }
    }
  },
  "memory": {
    "crs": {
      "4": 0.002410888671875,
      "8": 0.0044403076171875,
      "16": 0.00847625732421875,
      "32": 0.016571044921875
    }
  }
}