{
  "timing": {
    "crs_generation": {
      "4": 0.01799520839995239,
      "8": 0.03023839499983296,
      "16": 0.0609868710000228,
      "32": 0.1209426434003035
    },
    "crs_generation_std": {
      "4": 0.0017177342548952514,
      "8": 0.0007432047168627318,
      "16": 0.002663170429390355,
      "32": 0.003916727426993351
    },
    "commitments": {
      "commit_G": {
        "4": 0.0019194111000615521,
        "8": 0.003321214599782252,
        "16": 0.006193963000077929,
        "32": 0.011562163399685233
      },
      "commit_Ghat": {
        "4": 0.01480238449985336,
        "8": 0.025887622900154384,
        "16": 0.04967017870003474,
        "32": 0.09432481280055072
      },
      "commit_Cy": {
        "4": 0.0010647695002262481,
        "8": 0.0017691046003164956,
        "16": 0.0032634603003316442,
        "32": 0.005921332899924891
      },
      "commit_V": {
        "4": 0.003032965900092677,
        "8": 0.0029895144998590695,
        "16": 0.0030679413001053037,
        "32": 0.0028865653001048487
      }
    },
    "commitments_std": {
      "commit_G": {
        "4": 2.3133845880328215e-05,
        "8": 0.00020652585436201028,
        "16": 8.923967465359099e-05,
        "32": 0.00020074951701231343
      },
      "commit_Ghat": {
        "4": 0.0004074566835351851,
        "8": 0.0002846000725294186,
        "16": 0.00071244854459488,
        "32": 0.0012742120722173632
      },
      "commit_Cy": {
        "4": 3.8970477432468364e-05,
        "8": 3.300052673462051e-05,
        "16": 9.131696135430547e-05,
        "32": 3.535375028923379e-05
      },
      "commit_V": {
        "4": 9.664977531434342e-05,
        "8": 6.437821097687021e-05,
        "16": 3.491482604050415e-05,
        "32": 3.3016661185580736e-05
      }
    },
    "proofs": {
      "point_open": {
        "4": 0.0013796859997455614,
        "8": 0.0028934592997757135,
        "16": 0.005617835799966997,
        "32": 0.011733060700316855
      },
      "agg_open": {
        "4": 0.0028049403999830247,
        "8": 0.005841040199629788,
        "16": 0.011860295399856113,
        "32": 0.02478427019996161
      },
      "equality": {
        "4": 0.0024511148998499267,
        "8": 0.005711881500246818,
        "16": 0.01254954779997206,
        "32": 0.02550227960000484
      },
      "orthogonality": {
        "4": 0.0059557685002801005,
        "8": 0.01731464650001726,
        "16": 0.05831668970040482,
        "32": 0.20946613519990934
      },
      "range": {
        "4": 0.0003823103999820887,
        "8": 0.0004180377001830493,
        "16": 0.0004099560997929075,
        "32": 0.00038761919968237634
      }
    },
    "proofs_std": {
      "point_open": {
        "4": 3.600711914548833e-05,
        "8": 5.241831811740441e-05,
        "16": 0.0001027914557350155,
        "32": 0.0004878679766382458
      },
      "agg_open": {
        "4": 0.00017351063016370695,
        "8": 8.137397108105454e-05,
        "16": 0.0005203036460368455,
        "32": 9.906484584395522e-05
      },
      "equality": {
        "4": 8.021116112093882e-05,
        "8": 0.00013098249368461953,
        "16": 0.0008252179216201845,
        "32": 0.0004513514120930428
      },
      "orthogonality": {
        "4": 8.985663965529851e-05,
        "8": 0.00028156521677466826,
        "16": 0.0012488745315904703,
        "32": 0.008952656268445939
      },
      "range": {
        "4": 1.2125216836835645e-05,
        "8": 3.0297268885673653e-05,
        "16": 1.758355390647376e-05,
        "32": 1.353033045094648e-05
      }
    },
    "verification": {
      "verify_1_point_opening": {
        "4": 0.019884625300073823,
        "8": 0.034330426099586475,
        "16": 0.05982669940003689,
        "32": 0.11077042060005624
      },
      "verify_5_equality": {
        "4": 0.01885092460015585,
        "8": 0.031803999300063876,
        "16": 0.05506326349986921,
        "32": 0.10308816470005695
      },
      "verify_7_orthogonality": {
        "4": 0.005280116100220766,
        "8": 0.005808303899902967,
        "16": 0.0071838317002402615,
        "32": 0.010109630900115008
      },
      "verify_9_range": {
        "4": 0.006419540500428411,
        "8": 0.0066515648997665265,
        "16": 0.00667286050011171,
        "32": 0.006475773400234175
      },
      "verify_16_aggregated": {
        "4": 0.018884366700149258,
        "8": 0.03186847169981775,
        "16": 0.05584223009991547,
        "32": 0.10815101300013338
      }
    },
    "verification_std": {
      "verify_1_point_opening": {
        "4": 0.00023200158409609914,
        "8": 0.0008029299241816046,
        "16": 0.0015377885621648561,
        "32": 0.0023642888048881986
      },
      "verify_5_equality": {
        "4": 0.00018992567263646497,
        "8": 0.0006738614656420076,
        "16": 0.0011305212776304163,
        "32": 0.0015827141498326687
      },
      "verify_7_orthogonality": {
        "4": 0.00035314134341699754,
        "8": 0.00024156897157663984,
        "16": 0.00011443086177573027,
        "32": 0.0002445810656504535
      },
      "verify_9_range": {
        "4": 0.0002753190130486877,
        "8": 0.0002095800160705278,
        "16": 0.0003196564055092675,
        "32": 0.00018052732314699803
      },
      "verify_16_aggregated": {
        "4": 0.0006348142475080591,
        "8": 0.0004052849163984776,
        "16": 0.0009363770420425066,
        "32": 0.003871150905741841
      }
    },
    "bandwidth": {
      "header_size": {
        "4": 180,
        "8": 176,
        "16": 180,
        "32": 184
      },
      "proof_size": {
        "4": 180,
        "8": 184,
        "16": 184,
        "32": 180
      },
      "raw_data_size": {
        "4": 128,
        "8": 256,
        "16": 512,
        "32": 1024
      }
    }
  },
  "memory": {
    "crs": {
      "4": 0.002410888671875,
      "8": 0.0044403076171875,
      "16": 0.00847625732421875,
      "32": 0.016571044921875
    }
  }
}